[
  {
    "insertId": "67d8868500021871718912ed",
    "httpRequest": {
      "requestMethod": "POST",
      "requestUrl": "https://tabs-vs-spaces-162846454695.us-central1.run.app/",
      "requestSize": "2049",
      "status": 200,
      "responseSize": "135",
      "userAgent": "Mozilla/5.0 (Windows NT 10.0; Win64; x64) AppleWebKit/537.36 (KHTML, like Gecko) Chrome/134.0.0.0 Safari/537.36",
      "remoteIp": "2601:547:1900:3a20:7e:6141:8e57:d4c8",
      "referer": "https://tabs-vs-spaces-162846454695.us-central1.run.app/",
      "serverIp": "2001:4860:4802:36::35",
      "latency": "4.113150511s",
      "protocol": "HTTP/1.1"
    },
    "resource": {
      "type": "cloud_run_revision",
      "labels": {
        "service_name": "tabs-vs-spaces",
        "project_id": "silent-emissary-451416-u5",
        "configuration_name": "tabs-vs-spaces",
        "location": "us-central1",
        "revision_name": "tabs-vs-spaces-00008-xfm"
      }
    },
    "timestamp": "2025-03-17T20:30:56.872826Z",
    "severity": "INFO",
    "labels": {
      "instanceId": "00fd7d7337dd5ff688d60f22b853784c0922c30348592807af2fe630fd6f9e1631e408abe18b4c815ed2155af1b0fe9795204eef891a6e1c099245bfe9537fce3c6509d44cb6"
    },
    "logName": "projects/silent-emissary-451416-u5/logs/run.googleapis.com%2Frequests",
    "trace": "projects/silent-emissary-451416-u5/traces/f6cd4437b1263a919498f948f80374a5",
    "receiveTimestamp": "2025-03-17T20:31:01.143069566Z",
    "spanId": "56c69db1c5fcb66e",
    "traceSampled": true
  },
  {
    "insertId": "67d8868500047750ab6f5721",
    "httpRequest": {
      "requestMethod": "POST",
      "requestUrl": "https://tabs-vs-spaces-162846454695.us-central1.run.app/",
      "requestSize": "2049",
      "status": 200,
      "responseSize": "135",
      "userAgent": "Mozilla/5.0 (Windows NT 10.0; Win64; x64) AppleWebKit/537.36 (KHTML, like Gecko) Chrome/134.0.0.0 Safari/537.36",
      "remoteIp": "2601:547:1900:3a20:7e:6141:8e57:d4c8",
      "referer": "https://tabs-vs-spaces-162846454695.us-central1.run.app/",
      "serverIp": "2001:4860:4802:36::35",
      "latency": "0.155065701s",
      "protocol": "HTTP/1.1"
    },
    "resource": {
      "type": "cloud_run_revision",
      "labels": {
        "revision_name": "tabs-vs-spaces-00008-xfm",
        "configuration_name": "tabs-vs-spaces",
        "location": "us-central1",
        "project_id": "silent-emissary-451416-u5",
        "service_name": "tabs-vs-spaces"
      }
    },
    "timestamp": "2025-03-17T20:30:57.310671Z",
    "severity": "INFO",
    "labels": {
      "instanceId": "00fd7d7337dd5ff688d60f22b853784c0922c30348592807af2fe630fd6f9e1631e408abe18b4c815ed2155af1b0fe9795204eef891a6e1c099245bfe9537fce3c6509d44cb6"
    },
    "logName": "projects/silent-emissary-451416-u5/logs/run.googleapis.com%2Frequests",
    "trace": "projects/silent-emissary-451416-u5/traces/25b093545fd7d37b9498f948f80377a5",
    "receiveTimestamp": "2025-03-17T20:31:01.475285705Z",
    "spanId": "48daf21861bb28dd"
  },
  {
    "textPayload": "INFO:     Will watch for changes in these directories: ['/app']",
    "insertId": "67d88681000ca2c4b8c011e3",
    "resource": {
      "type": "cloud_run_revision",
      "labels": {
        "configuration_name": "tabs-vs-spaces",
        "location": "us-central1",
        "revision_name": "tabs-vs-spaces-00008-xfm",
        "project_id": "silent-emissary-451416-u5",
        "service_name": "tabs-vs-spaces"
      }
    },
    "timestamp": "2025-03-17T20:30:57.828100Z",
    "labels": {
      "instanceId": "00fd7d7337dd5ff688d60f22b853784c0922c30348592807af2fe630fd6f9e1631e408abe18b4c815ed2155af1b0fe9795204eef891a6e1c099245bfe9537fce3c6509d44cb6"
    },
    "logName": "projects/silent-emissary-451416-u5/logs/run.googleapis.com%2Fstderr",
    "receiveTimestamp": "2025-03-17T20:30:57.832852928Z"
  },
  {
    "textPayload": "INFO:     Uvicorn running on http://0.0.0.0:8000 (Press CTRL+C to quit)",
    "insertId": "67d88681000ca3d689f1df92",
    "resource": {
      "type": "cloud_run_revision",
      "labels": {
        "configuration_name": "tabs-vs-spaces",
        "service_name": "tabs-vs-spaces",
        "revision_name": "tabs-vs-spaces-00008-xfm",
        "location": "us-central1",
        "project_id": "silent-emissary-451416-u5"
      }
    },
    "timestamp": "2025-03-17T20:30:57.828374Z",
    "labels": {
      "instanceId": "00fd7d7337dd5ff688d60f22b853784c0922c30348592807af2fe630fd6f9e1631e408abe18b4c815ed2155af1b0fe9795204eef891a6e1c099245bfe9537fce3c6509d44cb6"
    },
    "logName": "projects/silent-emissary-451416-u5/logs/run.googleapis.com%2Fstderr",
    "receiveTimestamp": "2025-03-17T20:30:58.166829836Z"
  },
  {
    "textPayload": "INFO:     Started reloader process [1] using StatReload",
    "insertId": "67d88681000ca44a22e0e85c",
    "resource": {
      "type": "cloud_run_revision",
      "labels": {
        "configuration_name": "tabs-vs-spaces",
        "service_name": "tabs-vs-spaces",
        "location": "us-central1",
        "revision_name": "tabs-vs-spaces-00008-xfm",
        "project_id": "silent-emissary-451416-u5"
      }
    },
    "timestamp": "2025-03-17T20:30:57.828490Z",
    "labels": {
      "instanceId": "00fd7d7337dd5ff688d60f22b853784c0922c30348592807af2fe630fd6f9e1631e408abe18b4c815ed2155af1b0fe9795204eef891a6e1c099245bfe9537fce3c6509d44cb6"
    },
    "logName": "projects/silent-emissary-451416-u5/logs/run.googleapis.com%2Fstderr",
    "receiveTimestamp": "2025-03-17T20:30:58.166829836Z"
  },
  {
    "insertId": "67d886850005815604ab0dc3",
    "httpRequest": {
      "requestMethod": "POST",
      "requestUrl": "https://tabs-vs-spaces-162846454695.us-central1.run.app/",
      "requestSize": "2049",
      "status": 200,
      "responseSize": "135",
      "userAgent": "Mozilla/5.0 (Windows NT 10.0; Win64; x64) AppleWebKit/537.36 (KHTML, like Gecko) Chrome/134.0.0.0 Safari/537.36",
      "remoteIp": "2601:547:1900:3a20:7e:6141:8e57:d4c8",
      "referer": "https://tabs-vs-spaces-162846454695.us-central1.run.app/",
      "serverIp": "2001:4860:4802:36::35",
      "latency": "0.223152411s",
      "protocol": "HTTP/1.1"
    },
    "resource": {
      "type": "cloud_run_revision",
      "labels": {
        "location": "us-central1",
        "configuration_name": "tabs-vs-spaces",
        "service_name": "tabs-vs-spaces",
        "project_id": "silent-emissary-451416-u5",
        "revision_name": "tabs-vs-spaces-00008-xfm"
      }
    },
    "timestamp": "2025-03-17T20:31:00.232774Z",
    "severity": "INFO",
    "labels": {
      "instanceId": "00fd7d7337dd5ff688d60f22b853784c0922c30348592807af2fe630fd6f9e1631e408abe18b4c815ed2155af1b0fe9795204eef891a6e1c099245bfe9537fce3c6509d44cb6"
    },
    "logName": "projects/silent-emissary-451416-u5/logs/run.googleapis.com%2Frequests",
    "trace": "projects/silent-emissary-451416-u5/traces/56e2271dd04f8b988de6a87c9cc35729",
    "receiveTimestamp": "2025-03-17T20:31:01.475285705Z",
    "spanId": "a0ab4cbd65ca0937"
  },
  {
    "textPayload": "INFO:     Started server process [3]",
    "insertId": "67d88684000e20ec75cb466e",
    "resource": {
      "type": "cloud_run_revision",
      "labels": {
        "project_id": "silent-emissary-451416-u5",
        "location": "us-central1",
        "revision_name": "tabs-vs-spaces-00008-xfm",
        "configuration_name": "tabs-vs-spaces",
        "service_name": "tabs-vs-spaces"
      }
    },
    "timestamp": "2025-03-17T20:31:00.925932Z",
    "labels": {
      "instanceId": "00fd7d7337dd5ff688d60f22b853784c0922c30348592807af2fe630fd6f9e1631e408abe18b4c815ed2155af1b0fe9795204eef891a6e1c099245bfe9537fce3c6509d44cb6"
    },
    "logName": "projects/silent-emissary-451416-u5/logs/run.googleapis.com%2Fstderr",
    "receiveTimestamp": "2025-03-17T20:31:01.163131450Z"
  },
  {
    "textPayload": "INFO:     Waiting for application startup.",
    "insertId": "67d88684000e2109150b3181",
    "resource": {
      "type": "cloud_run_revision",
      "labels": {
        "configuration_name": "tabs-vs-spaces",
        "location": "us-central1",
        "project_id": "silent-emissary-451416-u5",
        "service_name": "tabs-vs-spaces",
        "revision_name": "tabs-vs-spaces-00008-xfm"
      }
    },
    "timestamp": "2025-03-17T20:31:00.925961Z",
    "labels": {
      "instanceId": "00fd7d7337dd5ff688d60f22b853784c0922c30348592807af2fe630fd6f9e1631e408abe18b4c815ed2155af1b0fe9795204eef891a6e1c099245bfe9537fce3c6509d44cb6"
    },
    "logName": "projects/silent-emissary-451416-u5/logs/run.googleapis.com%2Fstderr",
    "receiveTimestamp": "2025-03-17T20:31:01.163131450Z"
  },
  {
    "textPayload": "INFO:     Application startup complete.",
    "insertId": "67d88684000e21ed870ec068",
    "resource": {
      "type": "cloud_run_revision",
      "labels": {
        "revision_name": "tabs-vs-spaces-00008-xfm",
        "project_id": "silent-emissary-451416-u5",
        "service_name": "tabs-vs-spaces",
        "location": "us-central1",
        "configuration_name": "tabs-vs-spaces"
      }
    },
    "timestamp": "2025-03-17T20:31:00.926189Z",
    "labels": {
      "instanceId": "00fd7d7337dd5ff688d60f22b853784c0922c30348592807af2fe630fd6f9e1631e408abe18b4c815ed2155af1b0fe9795204eef891a6e1c099245bfe9537fce3c6509d44cb6"
    },
    "logName": "projects/silent-emissary-451416-u5/logs/run.googleapis.com%2Fstderr",
    "receiveTimestamp": "2025-03-17T20:31:01.163131450Z"
  },
  {
    "textPayload": "Default STARTUP TCP probe succeeded after 1 attempt for container \"tabs-vs-spaces-1\" on port 8000.",
    "insertId": "67d88684000e2535a5b4d296",
    "resource": {
      "type": "cloud_run_revision",
      "labels": {
        "project_id": "silent-emissary-451416-u5",
        "service_name": "tabs-vs-spaces",
        "revision_name": "tabs-vs-spaces-00008-xfm",
        "configuration_name": "tabs-vs-spaces",
        "location": "us-central1"
      }
    },
    "timestamp": "2025-03-17T20:31:00.927029Z",
    "severity": "INFO",
    "labels": {
      "instanceId": "00fd7d7337dd5ff688d60f22b853784c0922c30348592807af2fe630fd6f9e1631e408abe18b4c815ed2155af1b0fe9795204eef891a6e1c099245bfe9537fce3c6509d44cb6"
    },
    "logName": "projects/silent-emissary-451416-u5/logs/run.googleapis.com%2Fvarlog%2Fsystem",
    "receiveTimestamp": "2025-03-17T20:31:00.933337203Z"
  },
  {
    "textPayload": "INFO:     169.254.169.126:36358 - \"POST / HTTP/1.1\" 200 OK",
    "insertId": "67d886850001f69c5a834634",
    "resource": {
      "type": "cloud_run_revision",
      "labels": {
        "revision_name": "tabs-vs-spaces-00008-xfm",
        "service_name": "tabs-vs-spaces",
        "configuration_name": "tabs-vs-spaces",
        "location": "us-central1",
        "project_id": "silent-emissary-451416-u5"
      }
    },
    "timestamp": "2025-03-17T20:31:01.128668Z",
    "labels": {
      "instanceId": "00fd7d7337dd5ff688d60f22b853784c0922c30348592807af2fe630fd6f9e1631e408abe18b4c815ed2155af1b0fe9795204eef891a6e1c099245bfe9537fce3c6509d44cb6"
    },
    "logName": "projects/silent-emissary-451416-u5/logs/run.googleapis.com%2Fstdout",
    "receiveTimestamp": "2025-03-17T20:31:01.134617808Z"
  },
  {
    "textPayload": "INFO:     169.254.169.126:36374 - \"POST / HTTP/1.1\" 200 OK",
    "insertId": "67d8868500046e424ad54de1",
    "resource": {
      "type": "cloud_run_revision",
      "labels": {
        "configuration_name": "tabs-vs-spaces",
        "service_name": "tabs-vs-spaces",
        "project_id": "silent-emissary-451416-u5",
        "location": "us-central1",
        "revision_name": "tabs-vs-spaces-00008-xfm"
      }
    },
    "timestamp": "2025-03-17T20:31:01.290370Z",
    "labels": {
      "instanceId": "00fd7d7337dd5ff688d60f22b853784c0922c30348592807af2fe630fd6f9e1631e408abe18b4c815ed2155af1b0fe9795204eef891a6e1c099245bfe9537fce3c6509d44cb6"
    },
    "logName": "projects/silent-emissary-451416-u5/logs/run.googleapis.com%2Fstdout",
    "receiveTimestamp": "2025-03-17T20:31:01.468497061Z"
  },
  {
    "textPayload": "INFO:     169.254.169.126:36368 - \"POST / HTTP/1.1\" 200 OK",
    "insertId": "67d8868500057e77315dadbe",
    "resource": {
      "type": "cloud_run_revision",
      "labels": {
        "location": "us-central1",
        "service_name": "tabs-vs-spaces",
        "project_id": "silent-emissary-451416-u5",
        "revision_name": "tabs-vs-spaces-00008-xfm",
        "configuration_name": "tabs-vs-spaces"
      }
    },
    "timestamp": "2025-03-17T20:31:01.360055Z",
    "labels": {
      "instanceId": "00fd7d7337dd5ff688d60f22b853784c0922c30348592807af2fe630fd6f9e1631e408abe18b4c815ed2155af1b0fe9795204eef891a6e1c099245bfe9537fce3c6509d44cb6"
    },
    "logName": "projects/silent-emissary-451416-u5/logs/run.googleapis.com%2Fstdout",
    "receiveTimestamp": "2025-03-17T20:31:01.468497061Z"
  },
  {
    "insertId": "67d8868a00099af0ee0db852",
    "httpRequest": {
      "requestMethod": "GET",
      "requestUrl": "https://tabs-vs-spaces-162846454695.us-central1.run.app/",
      "requestSize": "1075",
      "status": 200,
      "responseSize": "3927",
      "userAgent": "Mozilla/5.0 (Windows NT 10.0; Win64; x64) AppleWebKit/537.36 (KHTML, like Gecko) Chrome/134.0.0.0 Safari/537.36",
      "remoteIp": "2601:547:1900:3a20:7e:6141:8e57:d4c8",
      "referer": "https://console.cloud.google.com/",
      "serverIp": "2001:4860:4802:36::35",
      "latency": "0.100032699s",
      "protocol": "HTTP/1.1"
    },
    "resource": {
      "type": "cloud_run_revision",
      "labels": {
        "location": "us-central1",
        "configuration_name": "tabs-vs-spaces",
        "project_id": "silent-emissary-451416-u5",
        "service_name": "tabs-vs-spaces",
        "revision_name": "tabs-vs-spaces-00008-xfm"
      }
    },
    "timestamp": "2025-03-17T20:31:06.528282Z",
    "severity": "INFO",
    "labels": {
      "instanceId": "00fd7d7337dd5ff688d60f22b853784c0922c30348592807af2fe630fd6f9e1631e408abe18b4c815ed2155af1b0fe9795204eef891a6e1c099245bfe9537fce3c6509d44cb6"
    },
    "logName": "projects/silent-emissary-451416-u5/logs/run.googleapis.com%2Frequests",
    "trace": "projects/silent-emissary-451416-u5/traces/a31a076e82ad08280ad5b256bfa3cd1b",
    "receiveTimestamp": "2025-03-17T20:31:06.805348140Z",
    "spanId": "723588819d4a0d69"
  },
  {
    "textPayload": "INFO:     169.254.169.126:36384 - \"GET / HTTP/1.1\" 200 OK",
    "insertId": "67d8868a000998bb51cce5e6",
    "resource": {
      "type": "cloud_run_revision",
      "labels": {
        "project_id": "silent-emissary-451416-u5",
        "configuration_name": "tabs-vs-spaces",
        "location": "us-central1",
        "service_name": "tabs-vs-spaces",
        "revision_name": "tabs-vs-spaces-00008-xfm"
      }
    },
    "timestamp": "2025-03-17T20:31:06.628923Z",
    "labels": {
      "instanceId": "00fd7d7337dd5ff688d60f22b853784c0922c30348592807af2fe630fd6f9e1631e408abe18b4c815ed2155af1b0fe9795204eef891a6e1c099245bfe9537fce3c6509d44cb6"
    },
    "logName": "projects/silent-emissary-451416-u5/logs/run.googleapis.com%2Fstdout",
    "receiveTimestamp": "2025-03-17T20:31:06.794714867Z"
  },
  {
    "insertId": "67d8868a000b5a4a23f027a3",
    "httpRequest": {
      "requestMethod": "GET",
      "requestUrl": "https://tabs-vs-spaces-162846454695.us-central1.run.app/static/config.js",
      "requestSize": "1041",
      "status": 304,
      "responseSize": "94",
      "userAgent": "Mozilla/5.0 (Windows NT 10.0; Win64; x64) AppleWebKit/537.36 (KHTML, like Gecko) Chrome/134.0.0.0 Safari/537.36",
      "remoteIp": "2601:547:1900:3a20:7e:6141:8e57:d4c8",
      "referer": "https://tabs-vs-spaces-162846454695.us-central1.run.app/",
      "serverIp": "2001:4860:4802:36::35",
      "latency": "0.039229329s",
      "protocol": "HTTP/1.1"
    },
    "resource": {
      "type": "cloud_run_revision",
      "labels": {
        "project_id": "silent-emissary-451416-u5",
        "service_name": "tabs-vs-spaces",
        "configuration_name": "tabs-vs-spaces",
        "revision_name": "tabs-vs-spaces-00008-xfm",
        "location": "us-central1"
      }
    },
    "timestamp": "2025-03-17T20:31:06.702932Z",
    "severity": "INFO",
    "labels": {
      "instanceId": "00fd7d7337dd5ff688d60f22b853784c0922c30348592807af2fe630fd6f9e1631e408abe18b4c815ed2155af1b0fe9795204eef891a6e1c099245bfe9537fce3c6509d44cb6"
    },
    "logName": "projects/silent-emissary-451416-u5/logs/run.googleapis.com%2Frequests",
    "trace": "projects/silent-emissary-451416-u5/traces/2132ed94763401360ad5b256bfa3c1c3",
    "receiveTimestamp": "2025-03-17T20:31:06.805348140Z",
    "spanId": "838e1173fea7f929"
  },
  {
    "textPayload": "INFO:     169.254.169.126:36386 - \"GET /static/config.js HTTP/1.1\" 304 Not Modified",
    "insertId": "67d8868a000b5763463bf5fa",
    "resource": {
      "type": "cloud_run_revision",
      "labels": {
        "project_id": "silent-emissary-451416-u5",
        "revision_name": "tabs-vs-spaces-00008-xfm",
        "configuration_name": "tabs-vs-spaces",
        "location": "us-central1",
        "service_name": "tabs-vs-spaces"
      }
    },
    "timestamp": "2025-03-17T20:31:06.743267Z",
    "labels": {
      "instanceId": "00fd7d7337dd5ff688d60f22b853784c0922c30348592807af2fe630fd6f9e1631e408abe18b4c815ed2155af1b0fe9795204eef891a6e1c099245bfe9537fce3c6509d44cb6"
    },
    "logName": "projects/silent-emissary-451416-u5/logs/run.googleapis.com%2Fstdout",
    "receiveTimestamp": "2025-03-17T20:31:06.794714867Z"
  },
  {
    "textPayload": "INFO:     Shutting down",
    "insertId": "67d88a10000ca2c41ca05563",
    "resource": {
      "type": "cloud_run_revision",
      "labels": {
        "location": "us-central1",
        "configuration_name": "tabs-vs-spaces",
        "project_id": "silent-emissary-451416-u5",
        "service_name": "tabs-vs-spaces",
        "revision_name": "tabs-vs-spaces-00008-xfm"
      }
    },
    "timestamp": "2025-03-17T20:46:08.828100Z",
    "labels": {
      "instanceId": "00fd7d7337dd5ff688d60f22b853784c0922c30348592807af2fe630fd6f9e1631e408abe18b4c815ed2155af1b0fe9795204eef891a6e1c099245bfe9537fce3c6509d44cb6"
    },
    "logName": "projects/silent-emissary-451416-u5/logs/run.googleapis.com%2Fstderr",
    "receiveTimestamp": "2025-03-17T20:46:08.833647749Z"
  },
  {
    "textPayload": "INFO:     Waiting for application shutdown.",
    "insertId": "67d88a10000e2c2ee8921f54",
    "resource": {
      "type": "cloud_run_revision",
      "labels": {
        "configuration_name": "tabs-vs-spaces",
        "location": "us-central1",
        "service_name": "tabs-vs-spaces",
        "project_id": "silent-emissary-451416-u5",
        "revision_name": "tabs-vs-spaces-00008-xfm"
      }
    },
    "timestamp": "2025-03-17T20:46:08.928814Z",
    "labels": {
      "instanceId": "00fd7d7337dd5ff688d60f22b853784c0922c30348592807af2fe630fd6f9e1631e408abe18b4c815ed2155af1b0fe9795204eef891a6e1c099245bfe9537fce3c6509d44cb6"
    },
    "logName": "projects/silent-emissary-451416-u5/logs/run.googleapis.com%2Fstderr",
    "receiveTimestamp": "2025-03-17T20:46:09.166024281Z"
  },
  {
    "textPayload": "INFO:     Application shutdown complete.",
    "insertId": "67d88a10000e2caf29c175e4",
    "resource": {
      "type": "cloud_run_revision",
      "labels": {
        "configuration_name": "tabs-vs-spaces",
        "service_name": "tabs-vs-spaces",
        "project_id": "silent-emissary-451416-u5",
        "revision_name": "tabs-vs-spaces-00008-xfm",
        "location": "us-central1"
      }
    },
    "timestamp": "2025-03-17T20:46:08.928943Z",
    "labels": {
      "instanceId": "00fd7d7337dd5ff688d60f22b853784c0922c30348592807af2fe630fd6f9e1631e408abe18b4c815ed2155af1b0fe9795204eef891a6e1c099245bfe9537fce3c6509d44cb6"
    },
    "logName": "projects/silent-emissary-451416-u5/logs/run.googleapis.com%2Fstderr",
    "receiveTimestamp": "2025-03-17T20:46:09.166024281Z"
  },
  {
    "textPayload": "INFO:     Finished server process [3]",
    "insertId": "67d88a10000e2d0b1bf94187",
    "resource": {
      "type": "cloud_run_revision",
      "labels": {
        "service_name": "tabs-vs-spaces",
        "location": "us-central1",
        "project_id": "silent-emissary-451416-u5",
        "configuration_name": "tabs-vs-spaces",
        "revision_name": "tabs-vs-spaces-00008-xfm"
      }
    },
    "timestamp": "2025-03-17T20:46:08.929035Z",
    "labels": {
      "instanceId": "00fd7d7337dd5ff688d60f22b853784c0922c30348592807af2fe630fd6f9e1631e408abe18b4c815ed2155af1b0fe9795204eef891a6e1c099245bfe9537fce3c6509d44cb6"
    },
    "logName": "projects/silent-emissary-451416-u5/logs/run.googleapis.com%2Fstderr",
    "receiveTimestamp": "2025-03-17T20:46:09.166024281Z"
  },
  {
    "textPayload": "INFO:     Stopping reloader process [1]",
    "insertId": "67d88a10000e50b9d113f4ea",
    "resource": {
      "type": "cloud_run_revision",
      "labels": {
        "location": "us-central1",
        "revision_name": "tabs-vs-spaces-00008-xfm",
        "service_name": "tabs-vs-spaces",
        "project_id": "silent-emissary-451416-u5",
        "configuration_name": "tabs-vs-spaces"
      }
    },
    "timestamp": "2025-03-17T20:46:08.938169Z",
    "labels": {
      "instanceId": "00fd7d7337dd5ff688d60f22b853784c0922c30348592807af2fe630fd6f9e1631e408abe18b4c815ed2155af1b0fe9795204eef891a6e1c099245bfe9537fce3c6509d44cb6"
    },
    "logName": "projects/silent-emissary-451416-u5/logs/run.googleapis.com%2Fstderr",
    "receiveTimestamp": "2025-03-17T20:46:09.166024281Z"
  }
]